<?xml version="1.0" encoding="UTF-8"?>
<project-private xmlns="http://www.netbeans.org/ns/project-private/1">
    <editor-bookmarks xmlns="http://www.netbeans.org/ns/editor-bookmarks/2" lastBookmarkId="0"/>
    <open-files xmlns="http://www.netbeans.org/ns/projectui-open-files/2">
        <group>
            <file>file:/C:/Users/fablu/OneDrive/Documents/Spring-2020/Platteville_Monopoly_Java/src/platteville_monopoly/Monetary_Cards.java</file>
            <file>file:/C:/Users/fablu/OneDrive/Documents/Spring-2020/Platteville_Monopoly_Java/src/platteville_monopoly/Card_Input.txt</file>
            <file>file:/C:/Users/fablu/OneDrive/Documents/Spring-2020/Platteville_Monopoly_Java/src/platteville_monopoly/Gameboard_Layout.txt</file>
            <file>file:/C:/Users/fablu/OneDrive/Documents/Spring-2020/Platteville_Monopoly_Java/src/platteville_monopoly/PC18.jpg</file>
            <file>file:/C:/Users/fablu/OneDrive/Documents/Spring-2020/Platteville_Monopoly_Java/src/platteville_monopoly/Bar_Properties.java</file>
            <file>file:/C:/Users/fablu/OneDrive/Documents/Spring-2020/Platteville_Monopoly_Java/src/platteville_monopoly/All_Properties.txt</file>
            <file>file:/C:/Users/fablu/OneDrive/Documents/Spring-2020/Platteville_Monopoly_Java/src/platteville_monopoly/Properties.java</file>
            <file>file:/C:/Users/fablu/OneDrive/Documents/Spring-2020/Platteville_Monopoly_Java/src/platteville_monopoly/Action_Cards.java</file>
            <file>file:/C:/Users/fablu/OneDrive/Documents/Spring-2020/Platteville_Monopoly_Java/src/platteville_monopoly/PC9.jpg</file>
            <file>file:/C:/Users/fablu/OneDrive/Documents/Spring-2020/Platteville_Monopoly_Java/src/platteville_monopoly/Player_Stats.java</file>
            <file>file:/C:/Users/fablu/OneDrive/Documents/Spring-2020/Platteville_Monopoly_Java/src/platteville_monopoly/Monopoly_Cards.java</file>
            <file>file:/C:/Users/fablu/OneDrive/Documents/Spring-2020/Platteville_Monopoly_Java/src/platteville_monopoly/PC26.jpg</file>
            <file>file:/C:/Users/fablu/OneDrive/Documents/Spring-2020/Platteville_Monopoly_Java/src/platteville_monopoly/Platteville_Monopoly.java</file>
            <file>file:/C:/Users/fablu/OneDrive/Documents/Spring-2020/Platteville_Monopoly_Java/src/platteville_monopoly/Property_List.java</file>
        </group>
    </open-files>
</project-private>
